{"bricks":[{"x":54,"y":44,"w":0,"h":0},{"x":54,"y":47,"w":10,"h":5},{"x":65,"y":53,"w":8,"h":2},{"x":73,"y":57,"w":9,"h":10},{"x":85,"y":67,"w":12,"h":12},{"x":52,"y":53,"w":-2,"h":15},{"x":53,"y":71,"w":-8,"h":15},{"x":362,"y":200,"w":8,"h":-16},{"x":371,"y":182,"w":14,"h":-12},{"x":390,"y":172,"w":13,"h":25},{"x":408,"y":211,"w":13,"h":25},{"x":98,"y":76,"w":25,"h":1},{"x":124,"y":77,"w":15,"h":2},{"x":142,"y":77,"w":8,"h":-13},{"x":153,"y":64,"w":7,"h":-14},{"x":166,"y":50,"w":8,"h":2},{"x":174,"y":59,"w":7,"h":22},{"x":181,"y":82,"w":0,"h":13},{"x":177,"y":104,"w":-6,"h":20},{"x":180,"y":88,"w":-9,"h":12},{"x":49,"y":92,"w":-5,"h":18},{"x":45,"y":112,"w":5,"h":13},{"x":50,"y":125,"w":11,"h":9},{"x":65,"y":137,"w":8,"h":3},{"x":77,"y":140,"w":8,"h":12},{"x":85,"y":152,"w":14,"h":2},{"x":99,"y":154,"w":18,"h":0},{"x":120,"y":154,"w":10,"h":-1},{"x":135,"y":151,"w":11,"h":0},{"x":170,"y":126,"w":-7,"h":15},{"x":160,"y":141,"w":-13,"h":13},{"x":145,"y":155,"w":-19,"h":5},{"x":97,"y":155,"w":15,"h":4},{"x":115,"y":160,"w":11,"h":-1},{"x":56,"y":63,"w":3,"h":13},{"x":59,"y":75,"w":10,"h":4},{"x":59,"y":67,"w":5,"h":10},{"x":164,"y":65,"w":-2,"h":16},{"x":168,"y":70,"w":-10,"h":8},{"x":169,"y":71,"w":-8,"h":7},{"x":105,"y":76,"w":1,"h":15},{"x":111,"y":82,"w":6,"h":8},{"x":122,"y":77,"w":6,"h":13},{"x":111,"y":76,"w":3,"h":12},{"x":87,"y":109,"w":11,"h":7},{"x":131,"y":110,"w":9,"h":2},{"x":114,"y":122,"w":9,"h":6},{"x":91,"y":134,"w":8,"h":3},{"x":98,"y":137,"w":13,"h":3},{"x":110,"y":139,"w":8,"h":-6},{"x":118,"y":129,"w":5,"h":10},{"x":122,"y":139,"w":9,"h":0},{"x":123,"y":137,"w":10,"h":2},{"x":131,"y":136,"w":8,"h":-2},{"x":131,"y":107,"w":11,"h":8},{"x":155,"y":121,"w":29,"h":-12},{"x":153,"y":131,"w":32,"h":4},{"x":155,"y":145,"w":18,"h":3},{"x":61,"y":117,"w":-26,"h":5},{"x":66,"y":126,"w":-39,"h":18}]}